<?xml version="1.0" encoding="utf-8"?>
<rows>
	<tooltip>
		<count>0</count>
		<tip>도움말을 여기에 넣어주세요.</tip>
	</tooltip>
	<tooltip>
		<count>1</count>
		<tip>도움말을 여기에 넣어주세요2.</tip>
	</tooltip>
	<tooltip>
		<count>2</count>
		<tip>도움말을 여기에 넣어주세요3.</tip>
	</tooltip>
	<tooltip>
		<count>3</count>
		<tip>도움말을 여기에 넣어주세요4.</tip>
	</tooltip>
	<tooltip>
		<count>4</count>
		<tip>도움말을 여기에 넣어주세요5.</tip>
	</tooltip>
	<tooltip>
		<count>5</count>
		<tip>도움말을 여기에 넣어주세요6.</tip>
	</tooltip>
	<tooltip>
		<count>6</count>
		<tip>도움말을 여기에 넣어주세요7.</tip>
	</tooltip>
	<tooltip>
		<count>7</count>
		<tip>도움말을 여기에 넣어주세요8.</tip>
	</tooltip>
	<tooltip>
		<count>8</count>
		<tip>도움말을 여기에 넣어주세요9.</tip>
	</tooltip>
	<tooltip>
		<count>9</count>
		<tip>도움말을 여기에 넣어주세요10.</tip>
	</tooltip>
	<tooltip>
		<count>10</count>
		<tip>도움말을 여기에 넣어주세요11.</tip>
	</tooltip>
	<tooltip>
		<count>11</count>
		<tip>도움말을 여기에 넣어주세요12.</tip>
	</tooltip>
	<tooltip>
		<count>12</count>
		<tip>도움말을 여기에 넣어주세요13.</tip>
	</tooltip>
	<tooltip>
		<count>13</count>
		<tip>도움말을 여기에 넣어주세요14.</tip>
	</tooltip>
	<tooltip>
		<count>14</count>
		<tip>도움말을 여기에 넣어주세요15.</tip>
	</tooltip>
	<tooltip>
		<count>15</count>
		<tip>도움말을 여기에 넣어주세요16.</tip>
	</tooltip>
	<tooltip>
		<count>16</count>
		<tip>도움말을 여기에 넣어주세요17.</tip>
	</tooltip>
	<tooltip>
		<count>17</count>
		<tip>도움말을 여기에 넣어주세요18.</tip>
	</tooltip>
	<tooltip>
		<count>18</count>
		<tip>도움말을 여기에 넣어주세요19.</tip>
	</tooltip>
	<tooltip>
		<count>19</count>
		<tip>도움말을 여기에 넣어주세요20.</tip>
	</tooltip>
	<tooltip>
		<count>20</count>
		<tip>도움말을 여기에 넣어주세요21.</tip>
	</tooltip>
	<tooltip>
		<count>21</count>
		<tip>도움말을 여기에 넣어주세요22.</tip>
	</tooltip>
	<tooltip>
		<count>22</count>
		<tip>도움말을 여기에 넣어주세요23.</tip>
	</tooltip>
	<tooltip>
		<count>23</count>
		<tip>도움말을 여기에 넣어주세요24.</tip>
	</tooltip>
	<tooltip>
		<count>24</count>
		<tip>도움말을 여기에 넣어주세요25.</tip>
	</tooltip>
</rows>
